<?xml version="1.0" encoding="UTF-8"?>
<TemplateApplicationConverter xmlns="http://schemas.altair.com/pbs/2007/02/app-conv"
	xmlns:app-def="http://schemas.altair.com/pbs/2007/02/app-def"
	xmlns:jsdl="http://schemas.ggf.org/jsdl/2005/11/jsdl"
	xmlns:jsdl-hpcp="http://schemas.ggf.org/jsdl/2006/07/jsdl-hpcp"
	xmlns:xsi="http://www.w3.org/2001/XMLSchema-instance">

	<ApplicationId>SleepJobArray</ApplicationId>
	<ApplicationName>SleepJobArray</ApplicationName>

	<HPCProfileApplication>
		<jsdl-hpcp:Executable>$PYTHONPATH</jsdl-hpcp:Executable>
		<jsdl-hpcp:Argument>runtime/start.py</jsdl-hpcp:Argument>
		<jsdl-hpcp:Environment name="PYTHONPATH">$PYTHONPATH</jsdl-hpcp:Environment>
	</HPCProfileApplication>

	<jsdl:Resources>
		<Software>SleepJobArray</Software>
		<TotalCPUCount>
			<Exact>$NCPUS</Exact>
		</TotalCPUCount>
		<TotalPhysicalMemory>
			<Exact>$MEM</Exact>
		</TotalPhysicalMemory>
		<CustomResource>
			<Name>pas_applications_enabled</Name>
			<Value>SleepJobArray</Value>
			<NodeLevel>true</NodeLevel>
		</CustomResource>
	</jsdl:Resources>


  <jsdl:DataStaging>
    <jsdl:FileName>name($PRIMARY_FILE)</jsdl:FileName>
    <jsdl:CreationFlag>overwrite</jsdl:CreationFlag>
    <jsdl:Source>
      <jsdl:URI>$PRIMARY_FILE</jsdl:URI>
    </jsdl:Source>
  </jsdl:DataStaging>

  <jsdl:DataStaging>
    <jsdl:FileName>name($FILES)</jsdl:FileName>
    <jsdl:CreationFlag>overwrite</jsdl:CreationFlag>
    <jsdl:Source>
      <jsdl:URI>$FILES</jsdl:URI>
    </jsdl:Source>
  </jsdl:DataStaging>
  
	<jsdl:DataStaging>
		<jsdl:FileName>*</jsdl:FileName>
		<jsdl:CreationFlag>overwrite</jsdl:CreationFlag>
		<jsdl:Target>
			<jsdl:URI>$SUBMISSION_DIRECTORY</jsdl:URI>
		</jsdl:Target>
	</jsdl:DataStaging>

	<jsdl:JobArrayAttributes>
		<jsdl:StartIndex>$Job_Array_Start_Index</jsdl:StartIndex>
		<jsdl:EndIndex>$Job_Array_End_Index</jsdl:EndIndex>
		<jsdl:SteppingFactor>$Job_Array_Stepping_Factor</jsdl:SteppingFactor>
	</jsdl:JobArrayAttributes>
</TemplateApplicationConverter>
