<?xml version="1.0" encoding="UTF-8"?>
<TemplateApplicationInput xmlns="http://schemas.altair.com/pbs/2007/02/app-def"
	xmlns:xi="http://www.w3.org/2001/XInclude"
	xmlns:xsi="http://www.w3.org/2001/XMLSchema-instance">
	<ApplicationId>SleepJobArray</ApplicationId>
	<ApplicationName>SleepJobArray</ApplicationName>

	<ArgumentChoice>
		<ArgumentString>
			<Name>JOB_NAME</Name>
			<Description>The name of the job.</Description>
			<DisplayName>Job Name</DisplayName>
			<InputRequired>true</InputRequired>
		</ArgumentString>
	</ArgumentChoice>

  <ArgumentChoice>
    <ArgumentInt>
      <Name>NCPUS</Name>
      <Description>Number of CPUS requested</Description>
      <DisplayName>No. of CPUS</DisplayName>
      <InputRequired>true</InputRequired>
      <LowerBound>1</LowerBound>
      <UpperBound>1024</UpperBound>
      <Value>1</Value>
    </ArgumentInt>
  </ArgumentChoice>

	<ArgumentChoice>
		<ArgumentInt>
			<Name>MEM</Name>
			<Description>The total physical memory requested.</Description>
			<DisplayName>Amount of Memory (MB)</DisplayName>
			<InputRequired>true</InputRequired>
			<LowerBound>10</LowerBound>
			<UpperBound>32768</UpperBound>
			<Value>10</Value>
		</ArgumentInt>
	</ArgumentChoice>
	
		<ArgumentChoice>
		<ArgumentInt>
			<Name>SLEEPTIME</Name>
			<Description>The time job will be in running state (in secs).</Description>
			<DisplayName>Running Time</DisplayName>
			<InputRequired>true</InputRequired>
			<Value>10</Value>
		</ArgumentInt>
	</ArgumentChoice>

	<ArgumentChoice>
		<ArgumentInt>
			<Name>Job_Array_Start_Index</Name>
			<Description>The start index of a job array.</Description>
			<DisplayName>Job_Array_Start_Index</DisplayName>
			<InputRequired>false</InputRequired>
			<LowerBound>1</LowerBound>
			<Value>1</Value>
		</ArgumentInt>
	</ArgumentChoice>

	<ArgumentChoice>
		<ArgumentInt>
			<Name>Job_Array_End_Index</Name>
			<Description>The end index of a job array.</Description>
			<DisplayName>Job_Array_End_Index</DisplayName>
			<InputRequired>false</InputRequired>
			<LowerBound>2</LowerBound>
			<Value>2</Value>
		</ArgumentInt>
	</ArgumentChoice>

	<ArgumentChoice>
		<ArgumentInt>
			<Name>Job_Array_Stepping_Factor</Name>
			<Description>The stepping factor of job array.</Description>
			<DisplayName>Job_Array_Stepping_Factor</DisplayName>
			<InputRequired>false</InputRequired>
			<LowerBound>1</LowerBound>
			<Value>1</Value>
		</ArgumentInt>
	</ArgumentChoice>


  <ArgumentChoice>
    <ArgumentFileName>
      <Name>PRIMARY_FILE</Name>
      <Description>The Job Script to run.</Description>
      <DisplayName>Job Script</DisplayName>
      <InputRequired>true</InputRequired>
    </ArgumentFileName>
  </ArgumentChoice>
  
  <ArgumentChoice>
    <ArgumentFileNameMulti>
      <Name>FILES</Name>
      <Description>Files to be included with the Job Script.</Description>
      <DisplayName>Job Files</DisplayName>
      <InputRequired>false</InputRequired>
    </ArgumentFileNameMulti>
  </ArgumentChoice>
  
	<ArgumentChoice>
		<ArgumentDirectoryName>
			<Name>SUBMISSION_DIRECTORY</Name>
			<Description>Result files will be placed here by PBS Desktop.</Description>
			<DisplayName>Output Directory</DisplayName>
			<InputRequired>true</InputRequired>
		</ArgumentDirectoryName>
	</ArgumentChoice>
</TemplateApplicationInput>
